Entity,Code,Year,PM2.5,Death.Rate,lng,lat
Poland,POL,1995,34.1,28.99,19.31101431086566,52.14826030557406
Poland,POL,2000,29.4,50.61,19.31101431086566,52.14826030557406
Poland,POL,2001,29.2,34.43,19.31101431086566,52.14826030557406
Poland,POL,2002,33.9,33.87,19.31101431086566,52.14826030557406
Poland,POL,2003,34.2,37.65,19.31101431086566,52.14826030557406
Poland,POL,2004,29.8,37.32,19.31101431086566,52.14826030557406
Poland,POL,2005,30.7,40.1,19.31101431086566,52.14826030557406
Poland,POL,2006,33.0,42.23,19.31101431086566,52.14826030557406
Poland,POL,2007,26.8,51.42,19.31101431086566,52.14826030557406
Poland,POL,2008,25.8,55.78,19.31101431086566,52.14826030557406
Poland,POL,2009,27.6,58.19,19.31101431086566,52.14826030557406
Poland,POL,2010,30.4,51.5,19.31101431086566,52.14826030557406
Poland,POL,2011,29.3,59.95,19.31101431086566,52.14826030557406
Poland,POL,2012,27.1,62.18,19.31101431086566,52.14826030557406
Poland,POL,2013,25.7,72.14,19.31101431086566,52.14826030557406
Poland,POL,2014,26.3,69.66,19.31101431086566,52.14826030557406
Poland,POL,2015,25.1,85.15,19.31101431086566,52.14826030557406
Poland,POL,2016,23.6,73.93,19.31101431086566,52.14826030557406
Poland,POL,2017,24.9,79.23,19.31101431086566,52.14826030557406
Poland,POL,2018,25.2,81.34,19.31101431086566,52.14826030557406
Poland,POL,2019,21.1,72.67,19.31101431086566,52.14826030557406
Poland,POL,2020,19.9,67.21,19.31101431086566,52.14826030557406
Slovak Republic,SVK,2000,21.4,60.536,19.507657094537777,48.72671130750541
Slovak Republic,SVK,2001,21.6,67.439,19.507657094537777,48.72671130750541
Slovak Republic,SVK,2002,24.6,78.137,19.507657094537777,48.72671130750541
Slovak Republic,SVK,2003,25.5,82.659,19.507657094537777,48.72671130750541
Slovak Republic,SVK,2004,22.3,78.516,19.507657094537777,48.72671130750541
Slovak Republic,SVK,2005,23.4,65.186,19.507657094537777,48.72671130750541
Slovak Republic,SVK,2006,24.5,61.315,19.507657094537777,48.72671130750541
Slovak Republic,SVK,2007,19.9,60.546,19.507657094537777,48.72671130750541
Slovak Republic,SVK,2008,19.8,56.616,19.507657094537777,48.72671130750541
Slovak Republic,SVK,2009,20.3,66.289,19.507657094537777,48.72671130750541
Slovak Republic,SVK,2010,21.4,68.775,19.507657094537777,48.72671130750541
Slovak Republic,SVK,2011,22.8,67.832,19.507657094537777,48.72671130750541
Slovak Republic,SVK,2012,20.4,71.845,19.507657094537777,48.72671130750541
Slovak Republic,SVK,2013,19.4,69.815,19.507657094537777,48.72671130750541
Slovak Republic,SVK,2014,19.4,62.555,19.507657094537777,48.72671130750541
Slovak Republic,SVK,2015,19.3,71.374,19.507657094537777,48.72671130750541
Slovak Republic,SVK,2016,17.9,70.124,19.507657094537777,48.72671130750541
Slovak Republic,SVK,2017,18.2,66.349,19.507657094537777,48.72671130750541
Slovak Republic,SVK,2018,18.6,79.979,19.507657094537777,48.72671130750541
Slovak Republic,SVK,2019,15.7,68.247,19.507657094537777,48.72671130750541
Slovak Republic,SVK,2020,15.5,68.212,19.507657094537777,48.72671130750541
Greece,GRC,1995,20.3,63.24,22.71981345968664,39.06671600519395
Greece,GRC,2000,22.3,67.21,22.71981345968664,39.06671600519395
Greece,GRC,2001,20.3,58.51,22.71981345968664,39.06671600519395
Greece,GRC,2002,21.5,45.09,22.71981345968664,39.06671600519395
Greece,GRC,2003,22.5,51.48,22.71981345968664,39.06671600519395
Greece,GRC,2004,19.8,66.11,22.71981345968664,39.06671600519395
Greece,GRC,2005,20.7,66.22,22.71981345968664,39.06671600519395
Greece,GRC,2006,20.6,90.97,22.71981345968664,39.06671600519395
Greece,GRC,2007,20.8,98.97,22.71981345968664,39.06671600519395
Greece,GRC,2008,19.8,80.74,22.71981345968664,39.06671600519395
Greece,GRC,2009,19.3,96.58,22.71981345968664,39.06671600519395
Greece,GRC,2010,19.1,81.85,22.71981345968664,39.06671600519395
Greece,GRC,2011,19.4,99.07,22.71981345968664,39.06671600519395
Greece,GRC,2012,17.1,108.36,22.71981345968664,39.06671600519395
Greece,GRC,2013,16.3,93.48,22.71981345968664,39.06671600519395
Greece,GRC,2014,15.3,130.38,22.71981345968664,39.06671600519395
Greece,GRC,2015,15.6,141.86,22.71981345968664,39.06671600519395
Greece,GRC,2016,14.1,122.48,22.71981345968664,39.06671600519395
Greece,GRC,2017,14.4,134.81,22.71981345968664,39.06671600519395
Greece,GRC,2018,14.3,137.87,22.71981345968664,39.06671600519395
Greece,GRC,2019,13.8,145.75,22.71981345968664,39.06671600519395
Greece,GRC,2020,13.1,120.407,22.71981345968664,39.06671600519395
United Kingdom,GBR,2019,8.1,99.4,-2.8531355495938624,53.914773538359306
United Kingdom,GBR,2020,7.8,109.82,-2.8531355495938624,53.914773538359306
Korea,KOR,2000,25.1,33.3,127.82131716620974,36.42759872225709
Korea,KOR,2001,25.0,27.54,127.82131716620974,36.42759872225709
Korea,KOR,2002,24.8,28.24,127.82131716620974,36.42759872225709
Korea,KOR,2003,24.7,28.1,127.82131716620974,36.42759872225709
Korea,KOR,2004,24.2,24.92,127.82131716620974,36.42759872225709
Korea,KOR,2005,24.2,27.67,127.82131716620974,36.42759872225709
Korea,KOR,2006,24.5,32.26,127.82131716620974,36.42759872225709
Korea,KOR,2007,24.6,24.16,127.82131716620974,36.42759872225709
Korea,KOR,2008,24.6,29.47,127.82131716620974,36.42759872225709
Korea,KOR,2009,23.6,41.31,127.82131716620974,36.42759872225709
Korea,KOR,2010,20.5,34.04,127.82131716620974,36.42759872225709
Korea,KOR,2011,24.5,45.04,127.82131716620974,36.42759872225709
Korea,KOR,2012,25.3,47.3,127.82131716620974,36.42759872225709
Korea,KOR,2013,27.2,49.31,127.82131716620974,36.42759872225709
Korea,KOR,2014,28.1,58.71,127.82131716620974,36.42759872225709
Korea,KOR,2015,26.2,57.58,127.82131716620974,36.42759872225709
Korea,KOR,2016,26.7,60.51,127.82131716620974,36.42759872225709
Korea,KOR,2017,25.8,67.54,127.82131716620974,36.42759872225709
Korea,KOR,2018,25.8,72.03,127.82131716620974,36.42759872225709
Korea,KOR,2019,25.8,86.51,127.82131716620974,36.42759872225709
Korea,KOR,2020,25.9,68.64,127.82131716620974,36.42759872225709
Italy,ITA,2003,28.2,62.1,12.140788356331674,42.75118276365151
Italy,ITA,2004,25.0,59.1,12.140788356331674,42.75118276365151
Italy,ITA,2005,25.7,66.4,12.140788356331674,42.75118276365151
Italy,ITA,2006,25.6,56.6,12.140788356331674,42.75118276365151
Italy,ITA,2007,25.0,63.3,12.140788356331674,42.75118276365151
Italy,ITA,2008,22.8,60.3,12.140788356331674,42.75118276365151
Italy,ITA,2009,23.6,65.9,12.140788356331674,42.75118276365151
Italy,ITA,2010,21.5,66.0,12.140788356331674,42.75118276365151
Italy,ITA,2011,23.6,65.2,12.140788356331674,42.75118276365151
Italy,ITA,2012,20.4,68.2,12.140788356331674,42.75118276365151
Italy,ITA,2013,19.4,67.9,12.140788356331674,42.75118276365151
Italy,ITA,2014,18.4,65.0,12.140788356331674,42.75118276365151
Italy,ITA,2015,19.2,79.4,12.140788356331674,42.75118276365151
Italy,ITA,2016,17.1,74.7,12.140788356331674,42.75118276365151
Italy,ITA,2017,17.0,85.7,12.140788356331674,42.75118276365151
Italy,ITA,2018,17.4,75.0,12.140788356331674,42.75118276365151
Italy,ITA,2019,16.3,83.1,12.140788356331674,42.75118276365151
Slovenia,SVN,2000,19.6,109.59,14.938152421437367,46.12542210264743
Slovenia,SVN,2001,19.3,77.3,14.938152421437367,46.12542210264743
Slovenia,SVN,2002,22.1,77.23,14.938152421437367,46.12542210264743
Slovenia,SVN,2003,23.1,76.71,14.938152421437367,46.12542210264743
Slovenia,SVN,2004,20.2,67.65,14.938152421437367,46.12542210264743
Slovenia,SVN,2005,21.3,81.92,14.938152421437367,46.12542210264743
Slovenia,SVN,2006,22.5,61.86,14.938152421437367,46.12542210264743
Slovenia,SVN,2007,17.3,49.38,14.938152421437367,46.12542210264743
Slovenia,SVN,2008,17.7,66.48,14.938152421437367,46.12542210264743
Slovenia,SVN,2009,18.4,59.06,14.938152421437367,46.12542210264743
Slovenia,SVN,2010,17.8,64.66,14.938152421437367,46.12542210264743
Slovenia,SVN,2011,20.2,51.2,14.938152421437367,46.12542210264743
Slovenia,SVN,2012,17.5,72.96,14.938152421437367,46.12542210264743
Slovenia,SVN,2013,17.5,75.63,14.938152421437367,46.12542210264743
Slovenia,SVN,2014,17.2,58.29,14.938152421437367,46.12542210264743
Slovenia,SVN,2015,17.2,61.77,14.938152421437367,46.12542210264743
Slovenia,SVN,2016,15.8,67.76,14.938152421437367,46.12542210264743
Slovenia,SVN,2017,15.9,71.34,14.938152421437367,46.12542210264743
Slovenia,SVN,2018,17.8,48.61,14.938152421437367,46.12542210264743
Slovenia,SVN,2019,13.4,54.23,14.938152421437367,46.12542210264743
Slovenia,SVN,2020,13.8,47.29,14.938152421437367,46.12542210264743
France,FRA,2000,12.2,77.022,2.446568757427332,46.53596201017112
France,FRA,2001,12.5,64.489,2.446568757427332,46.53596201017112
France,FRA,2002,11.1,71.938,2.446568757427332,46.53596201017112
France,FRA,2003,12.8,128.809,2.446568757427332,46.53596201017112
France,FRA,2004,11.0,58.382,2.446568757427332,46.53596201017112
France,FRA,2005,11.4,70.744,2.446568757427332,46.53596201017112
France,FRA,2006,11.4,52.967,2.446568757427332,46.53596201017112
France,FRA,2007,11.3,59.822,2.446568757427332,46.53596201017112
France,FRA,2008,9.6,58.669,2.446568757427332,46.53596201017112
France,FRA,2009,10.6,55.434,2.446568757427332,46.53596201017112
France,FRA,2010,10.2,50.891,2.446568757427332,46.53596201017112
France,FRA,2011,10.3,55.347,2.446568757427332,46.53596201017112
France,FRA,2012,9.5,55.173,2.446568757427332,46.53596201017112
France,FRA,2013,9.5,55.498,2.446568757427332,46.53596201017112
France,FRA,2014,8.0,54.763,2.446568757427332,46.53596201017112
France,FRA,2015,8.8,64.336,2.446568757427332,46.53596201017112
France,FRA,2016,8.2,53.572,2.446568757427332,46.53596201017112
France,FRA,2017,7.5,54.86,2.446568757427332,46.53596201017112
France,FRA,2018,7.6,38.026,2.446568757427332,46.53596201017112
France,FRA,2020,7.2,50.266,2.446568757427332,46.53596201017112
Hungary,HUN,1995,21.3,59.99,19.35762854802353,47.19995119508128
Hungary,HUN,2000,18.0,38.92,19.35762854802353,47.19995119508128
Hungary,HUN,2001,17.9,30.52,19.35762854802353,47.19995119508128
Hungary,HUN,2002,20.6,37.89,19.35762854802353,47.19995119508128
Hungary,HUN,2003,21.6,43.83,19.35762854802353,47.19995119508128
Hungary,HUN,2004,18.5,40.74,19.35762854802353,47.19995119508128
Hungary,HUN,2005,19.6,48.49,19.35762854802353,47.19995119508128
Hungary,HUN,2006,20.7,57.05,19.35762854802353,47.19995119508128
Hungary,HUN,2007,16.3,56.95,19.35762854802353,47.19995119508128
Hungary,HUN,2008,16.4,62.5,19.35762854802353,47.19995119508128
Hungary,HUN,2009,17.0,56.95,19.35762854802353,47.19995119508128
Hungary,HUN,2010,18.5,52.72,19.35762854802353,47.19995119508128
Hungary,HUN,2011,18.4,56.4,19.35762854802353,47.19995119508128
Hungary,HUN,2012,16.4,59.85,19.35762854802353,47.19995119508128
Hungary,HUN,2013,16.2,58.68,19.35762854802353,47.19995119508128
Hungary,HUN,2014,15.6,62.08,19.35762854802353,47.19995119508128
Hungary,HUN,2015,16.0,74.2,19.35762854802353,47.19995119508128
Hungary,HUN,2016,14.4,63.59,19.35762854802353,47.19995119508128
Hungary,HUN,2017,15.0,64.03,19.35762854802353,47.19995119508128
Hungary,HUN,2018,15.4,70.11,19.35762854802353,47.19995119508128
Hungary,HUN,2019,12.8,75.7,19.35762854802353,47.19995119508128
Hungary,HUN,2020,12.4,70.27,19.35762854802353,47.19995119508128
Canada,CAN,2000,3.9,71.9,-98.1423812181964,61.46907618621389
Canada,CAN,2001,3.8,65.5,-98.1423812181964,61.46907618621389
Canada,CAN,2002,3.8,70.9,-98.1423812181964,61.46907618621389
Canada,CAN,2003,4.2,69.4,-98.1423812181964,61.46907618621389
Canada,CAN,2004,4.2,67.5,-98.1423812181964,61.46907618621389
Canada,CAN,2005,4.0,72.4,-98.1423812181964,61.46907618621389
Canada,CAN,2006,3.8,69.5,-98.1423812181964,61.46907618621389
Canada,CAN,2007,3.8,74.1,-98.1423812181964,61.46907618621389
Canada,CAN,2008,3.9,74.1,-98.1423812181964,61.46907618621389
Canada,CAN,2009,3.2,74.7,-98.1423812181964,61.46907618621389
Canada,CAN,2010,3.3,72.7,-98.1423812181964,61.46907618621389
Canada,CAN,2011,3.2,84.0,-98.1423812181964,61.46907618621389
Canada,CAN,2012,3.2,70.2,-98.1423812181964,61.46907618621389
Canada,CAN,2013,3.4,80.4,-98.1423812181964,61.46907618621389
Canada,CAN,2014,3.6,85.1,-98.1423812181964,61.46907618621389
Canada,CAN,2015,2.8,100.4,-98.1423812181964,61.46907618621389
Canada,CAN,2016,2.7,92.6,-98.1423812181964,61.46907618621389
Canada,CAN,2017,3.3,92.6,-98.1423812181964,61.46907618621389
Canada,CAN,2018,2.8,102.2,-98.1423812181964,61.46907618621389
Canada,CAN,2019,2.7,93.2,-98.1423812181964,61.46907618621389
Canada,CAN,2020,3.0,78.2,-98.1423812181964,61.46907618621389
Austria,AUT,1995,25.1,39.42,14.076158737088775,47.61394873674072
Austria,AUT,2000,21.6,39.04,14.076158737088775,47.61394873674072
Austria,AUT,2001,20.3,41.56,14.076158737088775,47.61394873674072
Austria,AUT,2002,21.6,42.1,14.076158737088775,47.61394873674072
Austria,AUT,2003,22.2,47.33,14.076158737088775,47.61394873674072
Austria,AUT,2004,19.4,46.71,14.076158737088775,47.61394873674072
Austria,AUT,2005,21.3,53.47,14.076158737088775,47.61394873674072
Austria,AUT,2006,21.4,42.99,14.076158737088775,47.61394873674072
Austria,AUT,2007,18.6,44.07,14.076158737088775,47.61394873674072
Austria,AUT,2008,18.0,37.79,14.076158737088775,47.61394873674072
Austria,AUT,2009,18.7,48.85,14.076158737088775,47.61394873674072
Austria,AUT,2010,18.0,42.59,14.076158737088775,47.61394873674072
Austria,AUT,2011,19.0,45.26,14.076158737088775,47.61394873674072
Austria,AUT,2012,16.7,30.02,14.076158737088775,47.61394873674072
Austria,AUT,2013,16.6,40.03,14.076158737088775,47.61394873674072
Austria,AUT,2014,15.0,41.56,14.076158737088775,47.61394873674072
Austria,AUT,2015,15.8,56.46,14.076158737088775,47.61394873674072
Austria,AUT,2016,14.2,54.05,14.076158737088775,47.61394873674072
Austria,AUT,2017,13.6,62.33,14.076158737088775,47.61394873674072
Austria,AUT,2018,15.0,57.15,14.076158737088775,47.61394873674072
Austria,AUT,2019,12.6,48.78,14.076158737088775,47.61394873674072
Austria,AUT,2020,12.7,57.4,14.076158737088775,47.61394873674072
Belgium,BEL,2000,13.9,112.05,4.580831170355562,50.652442788532966
Belgium,BEL,2001,13.2,106.02,4.580831170355562,50.652442788532966
Belgium,BEL,2002,13.2,114.12,4.580831170355562,50.652442788532966
Belgium,BEL,2003,14.0,122.81,4.580831170355562,50.652442788532966
Belgium,BEL,2004,12.7,107.11,4.580831170355562,50.652442788532966
Belgium,BEL,2005,12.6,112.81,4.580831170355562,50.652442788532966
Belgium,BEL,2006,13.5,104.68,4.580831170355562,50.652442788532966
Belgium,BEL,2007,12.3,103.59,4.580831170355562,50.652442788532966
Belgium,BEL,2008,11.9,102.2,4.580831170355562,50.652442788532966
Belgium,BEL,2009,11.8,100.32,4.580831170355562,50.652442788532966
Belgium,BEL,2010,12.1,96.64,4.580831170355562,50.652442788532966
Belgium,BEL,2011,12.0,93.81,4.580831170355562,50.652442788532966
Belgium,BEL,2012,10.9,99.8,4.580831170355562,50.652442788532966
Belgium,BEL,2013,10.9,95.36,4.580831170355562,50.652442788532966
Belgium,BEL,2014,9.5,84.76,4.580831170355562,50.652442788532966
Belgium,BEL,2015,9.9,102.65,4.580831170355562,50.652442788532966
Belgium,BEL,2016,9.1,96.22,4.580831170355562,50.652442788532966
Belgium,BEL,2017,9.4,106.43,4.580831170355562,50.652442788532966
Belgium,BEL,2018,8.8,110.13,4.580831170355562,50.652442788532966
Belgium,BEL,2019,7.9,104.95,4.580831170355562,50.652442788532966
Belgium,BEL,2020,8.2,86.59,4.580831170355562,50.652442788532966
Japan,JPN,1995,14.3,105.0,138.0649618679387,37.663110587432655
Japan,JPN,2000,14.4,118.3,138.0649618679387,37.663110587432655
Japan,JPN,2001,13.7,115.5,138.0649618679387,37.663110587432655
Japan,JPN,2002,13.5,118.8,138.0649618679387,37.663110587432655
Japan,JPN,2003,13.3,128.6,138.0649618679387,37.663110587432655
Japan,JPN,2004,13.0,132.2,138.0649618679387,37.663110587432655
Japan,JPN,2005,13.2,147.3,138.0649618679387,37.663110587432655
Japan,JPN,2006,13.3,145.6,138.0649618679387,37.663110587432655
Japan,JPN,2007,13.1,152.9,138.0649618679387,37.663110587432655
Japan,JPN,2008,13.2,158.8,138.0649618679387,37.663110587432655
Japan,JPN,2009,12.3,160.6,138.0649618679387,37.663110587432655
Japan,JPN,2010,11.4,169.0,138.0649618679387,37.663110587432655
Japan,JPN,2011,13.0,187.1,138.0649618679387,37.663110587432655
Japan,JPN,2012,13.8,180.2,138.0649618679387,37.663110587432655
Japan,JPN,2013,14.2,180.2,138.0649618679387,37.663110587432655
Japan,JPN,2014,14.6,178.2,138.0649618679387,37.663110587432655
Japan,JPN,2015,13.6,182.7,138.0649618679387,37.663110587432655
Japan,JPN,2016,13.5,183.0,138.0649618679387,37.663110587432655
Japan,JPN,2017,14.2,165.0,138.0649618679387,37.663110587432655
Japan,JPN,2018,14.1,165.8,138.0649618679387,37.663110587432655
Japan,JPN,2019,13.9,168.2,138.0649618679387,37.663110587432655
Japan,JPN,2020,13.6,151.3,138.0649618679387,37.663110587432655
Mexico,MEX,1995,24.8,40.04,-102.5763495126284,23.935371917330773
Mexico,MEX,2000,23.9,36.96,-102.5763495126284,23.935371917330773
Mexico,MEX,2001,22.2,39.28,-102.5763495126284,23.935371917330773
Mexico,MEX,2002,23.0,43.12,-102.5763495126284,23.935371917330773
Mexico,MEX,2003,21.7,41.88,-102.5763495126284,23.935371917330773
Mexico,MEX,2004,20.0,42.74,-102.5763495126284,23.935371917330773
Mexico,MEX,2005,19.9,45.53,-102.5763495126284,23.935371917330773
Mexico,MEX,2006,20.9,42.65,-102.5763495126284,23.935371917330773
Mexico,MEX,2007,20.9,44.74,-102.5763495126284,23.935371917330773
Mexico,MEX,2008,19.4,44.1,-102.5763495126284,23.935371917330773
Mexico,MEX,2009,18.2,46.56,-102.5763495126284,23.935371917330773
Mexico,MEX,2010,16.1,48.61,-102.5763495126284,23.935371917330773
Mexico,MEX,2011,19.9,47.73,-102.5763495126284,23.935371917330773
Mexico,MEX,2012,17.9,45.71,-102.5763495126284,23.935371917330773
Mexico,MEX,2013,17.9,49.83,-102.5763495126284,23.935371917330773
Mexico,MEX,2014,17.6,46.59,-102.5763495126284,23.935371917330773
Mexico,MEX,2015,17.3,49.6,-102.5763495126284,23.935371917330773
Mexico,MEX,2016,16.4,55.16,-102.5763495126284,23.935371917330773
Mexico,MEX,2017,15.9,52.52,-102.5763495126284,23.935371917330773
Mexico,MEX,2018,14.4,50.3,-102.5763495126284,23.935371917330773
Mexico,MEX,2019,12.7,57.84,-102.5763495126284,23.935371917330773
Mexico,MEX,2020,13.5,59.11,-102.5763495126284,23.935371917330773
Spain,ESP,2000,16.2,91.571,-3.617020675956449,40.348656154214375
Spain,ESP,2001,14.9,83.738,-3.617020675956449,40.348656154214375
Spain,ESP,2002,15.0,91.884,-3.617020675956449,40.348656154214375
Spain,ESP,2003,15.3,93.836,-3.617020675956449,40.348656154214375
Spain,ESP,2004,13.8,86.536,-3.617020675956449,40.348656154214375
Spain,ESP,2005,14.1,97.732,-3.617020675956449,40.348656154214375
Spain,ESP,2006,14.2,79.273,-3.617020675956449,40.348656154214375
Spain,ESP,2007,14.0,89.26,-3.617020675956449,40.348656154214375
Spain,ESP,2008,12.6,88.997,-3.617020675956449,40.348656154214375
Spain,ESP,2009,12.8,86.021,-3.617020675956449,40.348656154214375
Spain,ESP,2010,11.5,77.925,-3.617020675956449,40.348656154214375
Spain,ESP,2011,13.3,83.841,-3.617020675956449,40.348656154214375
Spain,ESP,2012,11.6,98.614,-3.617020675956449,40.348656154214375
Spain,ESP,2013,11.0,85.682,-3.617020675956449,40.348656154214375
Spain,ESP,2014,10.3,86.473,-3.617020675956449,40.348656154214375
Spain,ESP,2015,10.9,106.078,-3.617020675956449,40.348656154214375
Spain,ESP,2016,9.9,93.414,-3.617020675956449,40.348656154214375
Spain,ESP,2017,9.8,103.623,-3.617020675956449,40.348656154214375
Spain,ESP,2018,9.8,105.61,-3.617020675956449,40.348656154214375
Spain,ESP,2019,9.0,89.895,-3.617020675956449,40.348656154214375
Spain,ESP,2020,9.2,70.832,-3.617020675956449,40.348656154214375
Chile,CHL,2000,42.3,64.81,-71.52064384269416,-39.04701418752338
Chile,CHL,2001,37.4,70.23,-71.52064384269416,-39.04701418752338
Chile,CHL,2002,36.8,53.76,-71.52064384269416,-39.04701418752338
Chile,CHL,2003,36.4,61.89,-71.52064384269416,-39.04701418752338
Chile,CHL,2004,36.3,60.5,-71.52064384269416,-39.04701418752338
Chile,CHL,2005,37.2,55.62,-71.52064384269416,-39.04701418752338
Chile,CHL,2006,33.5,53.78,-71.52064384269416,-39.04701418752338
Chile,CHL,2007,32.3,64.23,-71.52064384269416,-39.04701418752338
Chile,CHL,2008,27.3,53.89,-71.52064384269416,-39.04701418752338
Chile,CHL,2009,23.6,79.32,-71.52064384269416,-39.04701418752338
Chile,CHL,2010,19.8,91.12,-71.52064384269416,-39.04701418752338
Chile,CHL,2011,18.5,67.24,-71.52064384269416,-39.04701418752338
Chile,CHL,2012,18.9,80.16,-71.52064384269416,-39.04701418752338
Chile,CHL,2013,18.2,66.21,-71.52064384269416,-39.04701418752338
Chile,CHL,2014,19.0,65.99,-71.52064384269416,-39.04701418752338
Chile,CHL,2015,18.4,57.12,-71.52064384269416,-39.04701418752338
Chile,CHL,2016,18.9,57.21,-71.52064384269416,-39.04701418752338
Chile,CHL,2017,17.8,52.43,-71.52064384269416,-39.04701418752338
Chile,CHL,2018,17.2,68.84,-71.52064384269416,-39.04701418752338
Chile,CHL,2019,16.9,74.12,-71.52064384269416,-39.04701418752338
Chile,CHL,2020,14.6,58.661,-71.52064384269416,-39.04701418752338
Colombia,COL,2005,19.2,29.53,-73.07773203253647,3.9272138479203975
Colombia,COL,2006,20.5,21.86,-73.07773203253647,3.9272138479203975
Colombia,COL,2007,20.4,19.2,-73.07773203253647,3.9272138479203975
Colombia,COL,2008,18.0,29.87,-73.07773203253647,3.9272138479203975
Colombia,COL,2009,17.0,23.89,-73.07773203253647,3.9272138479203975
Colombia,COL,2010,16.2,30.55,-73.07773203253647,3.9272138479203975
Colombia,COL,2011,19.3,31.57,-73.07773203253647,3.9272138479203975
Colombia,COL,2012,16.8,16.28,-73.07773203253647,3.9272138479203975
Colombia,COL,2013,17.8,37.56,-73.07773203253647,3.9272138479203975
Colombia,COL,2014,17.5,29.18,-73.07773203253647,3.9272138479203975
Colombia,COL,2015,17.3,23.61,-73.07773203253647,3.9272138479203975
Colombia,COL,2016,17.5,20.76,-73.07773203253647,3.9272138479203975
Colombia,COL,2017,17.0,32.07,-73.07773203253647,3.9272138479203975
Colombia,COL,2018,15.2,26.11,-73.07773203253647,3.9272138479203975
Colombia,COL,2019,14.2,34.73,-73.07773203253647,3.9272138479203975
Finland,FIN,2000,9.0,105.57417,26.211764688890245,64.50409386705032
Finland,FIN,2001,8.4,61.89076,26.211764688890245,64.50409386705032
Finland,FIN,2002,8.5,50.30777,26.211764688890245,64.50409386705032
Finland,FIN,2003,9.1,50.39351,26.211764688890245,64.50409386705032
Finland,FIN,2004,8.3,45.99065,26.211764688890245,64.50409386705032
Finland,FIN,2005,8.4,38.52394,26.211764688890245,64.50409386705032
Finland,FIN,2006,9.4,29.57617,26.211764688890245,64.50409386705032
Finland,FIN,2007,8.3,45.74633,26.211764688890245,64.50409386705032
Finland,FIN,2008,7.9,67.70232,26.211764688890245,64.50409386705032
Finland,FIN,2009,7.7,39.6703,26.211764688890245,64.50409386705032
Finland,FIN,2010,8.2,38.10864,26.211764688890245,64.50409386705032
Finland,FIN,2011,7.8,43.85805,26.211764688890245,64.50409386705032
Finland,FIN,2012,7.0,43.76559,26.211764688890245,64.50409386705032
Finland,FIN,2013,6.7,34.96325,26.211764688890245,64.50409386705032
Finland,FIN,2014,7.0,39.27016,26.211764688890245,64.50409386705032
Finland,FIN,2015,6.4,36.26763,26.211764688890245,64.50409386705032
Finland,FIN,2016,6.0,53.60027,26.211764688890245,64.50409386705032
Finland,FIN,2017,5.7,43.53915,26.211764688890245,64.50409386705032
Finland,FIN,2018,6.1,30.60845,26.211764688890245,64.50409386705032
Finland,FIN,2019,6.0,33.6762,26.211764688890245,64.50409386705032
Finland,FIN,2020,5.4,36.72528,26.211764688890245,64.50409386705032
Denmark,DNK,2008,13.2,95.28,9.87637282636348,56.063934567763965
Denmark,DNK,2009,13.5,95.61,9.87637282636348,56.063934567763965
Denmark,DNK,2010,13.6,86.71,9.87637282636348,56.063934567763965
Denmark,DNK,2011,15.1,88.14,9.87637282636348,56.063934567763965
Denmark,DNK,2012,12.0,90.9,9.87637282636348,56.063934567763965
Denmark,DNK,2013,11.7,91.14,9.87637282636348,56.063934567763965
Denmark,DNK,2014,12.0,88.47,9.87637282636348,56.063934567763965
Denmark,DNK,2015,11.5,90.47,9.87637282636348,56.063934567763965
Denmark,DNK,2016,10.2,95.32,9.87637282636348,56.063934567763965
Denmark,DNK,2017,11.3,96.85,9.87637282636348,56.063934567763965
Denmark,DNK,2018,11.4,96.17,9.87637282636348,56.063934567763965
Denmark,DNK,2019,10.7,87.9,9.87637282636348,56.063934567763965
Portugal,PRT,2002,14.4,137.5,-8.055765653987546,39.63404967691429
Portugal,PRT,2003,15.2,165.6,-8.055765653987546,39.63404967691429
Portugal,PRT,2004,13.9,153.5,-8.055765653987546,39.63404967691429
Portugal,PRT,2005,13.7,179.0,-8.055765653987546,39.63404967691429
Portugal,PRT,2006,14.9,180.9,-8.055765653987546,39.63404967691429
Portugal,PRT,2007,14.3,174.3,-8.055765653987546,39.63404967691429
Portugal,PRT,2008,12.2,181.0,-8.055765653987546,39.63404967691429
Portugal,PRT,2009,12.3,200.3,-8.055765653987546,39.63404967691429
Portugal,PRT,2010,11.5,175.7,-8.055765653987546,39.63404967691429
Portugal,PRT,2011,12.5,151.1,-8.055765653987546,39.63404967691429
Portugal,PRT,2012,10.8,181.0,-8.055765653987546,39.63404967691429
Portugal,PRT,2013,10.6,120.94,-8.055765653987546,39.63404967691429
Portugal,PRT,2014,10.1,120.15,-8.055765653987546,39.63404967691429
Portugal,PRT,2015,10.5,133.53,-8.055765653987546,39.63404967691429
Portugal,PRT,2016,9.4,142.85,-8.055765653987546,39.63404967691429
Portugal,PRT,2017,10.0,143.22,-8.055765653987546,39.63404967691429
Portugal,PRT,2018,9.8,141.1,-8.055765653987546,39.63404967691429
Portugal,PRT,2019,8.6,112.84,-8.055765653987546,39.63404967691429
Portugal,PRT,2020,9.2,110.7,-8.055765653987546,39.63404967691429
United States,USA,2000,8.4,77.36,-112.59943833351174,45.705629532237324
United States,USA,2001,8.3,75.13,-112.59943833351174,45.705629532237324
United States,USA,2002,7.6,77.93,-112.59943833351174,45.705629532237324
United States,USA,2003,7.1,76.74,-112.59943833351174,45.705629532237324
United States,USA,2004,6.9,75.11,-112.59943833351174,45.705629532237324
United States,USA,2005,7.1,80.36,-112.59943833351174,45.705629532237324
United States,USA,2006,6.9,75.43,-112.59943833351174,45.705629532237324
United States,USA,2007,7.0,73.47,-112.59943833351174,45.705629532237324
United States,USA,2008,6.5,81.34,-112.59943833351174,45.705629532237324
United States,USA,2009,6.6,76.62,-112.59943833351174,45.705629532237324
United States,USA,2010,6.0,74.78,-112.59943833351174,45.705629532237324
United States,USA,2011,6.4,78.17,-112.59943833351174,45.705629532237324
United States,USA,2012,6.6,77.12,-112.59943833351174,45.705629532237324
United States,USA,2013,6.0,79.28,-112.59943833351174,45.705629532237324
United States,USA,2014,5.8,81.39,-112.59943833351174,45.705629532237324
United States,USA,2015,5.9,80.46,-112.59943833351174,45.705629532237324
United States,USA,2016,4.9,80.02,-112.59943833351174,45.705629532237324
United States,USA,2017,5.8,83.31,-112.59943833351174,45.705629532237324
United States,USA,2018,5.7,84.4,-112.59943833351174,45.705629532237324
United States,USA,2019,4.9,79.2,-112.59943833351174,45.705629532237324
Ireland,IRL,2017,8.5,92.4,-8.01023680654156,53.18059108949045
Ireland,IRL,2018,8.4,90.2,-8.01023680654156,53.18059108949045
Ireland,IRL,2019,7.9,87.4,-8.01023680654156,53.18059108949045
Ireland,IRL,2020,8.3,72.4,-8.01023680654156,53.18059108949045
Sweden,SWE,2000,7.1,76.69,16.61308911399856,62.75374501934748
Sweden,SWE,2001,6.6,72.2,16.61308911399856,62.75374501934748
Sweden,SWE,2002,6.4,80.29,16.61308911399856,62.75374501934748
Sweden,SWE,2003,6.8,72.07,16.61308911399856,62.75374501934748
Sweden,SWE,2004,6.2,68.2,16.61308911399856,62.75374501934748
Sweden,SWE,2005,6.2,72.52,16.61308911399856,62.75374501934748
Sweden,SWE,2006,7.3,64.83,16.61308911399856,62.75374501934748
Sweden,SWE,2007,6.0,66.2,16.61308911399856,62.75374501934748
Sweden,SWE,2008,5.7,64.79,16.61308911399856,62.75374501934748
Sweden,SWE,2009,6.1,67.13,16.61308911399856,62.75374501934748
Sweden,SWE,2010,5.8,58.84,16.61308911399856,62.75374501934748
Sweden,SWE,2011,5.9,64.82,16.61308911399856,62.75374501934748
Sweden,SWE,2012,5.5,72.34,16.61308911399856,62.75374501934748
Sweden,SWE,2013,5.1,70.71,16.61308911399856,62.75374501934748
Sweden,SWE,2014,5.3,61.33,16.61308911399856,62.75374501934748
Sweden,SWE,2015,5.1,64.72,16.61308911399856,62.75374501934748
Sweden,SWE,2016,4.6,66.43,16.61308911399856,62.75374501934748
Sweden,SWE,2017,4.5,66.76,16.61308911399856,62.75374501934748
Sweden,SWE,2018,4.7,70.86,16.61308911399856,62.75374501934748
Sweden,SWE,2019,4.8,62.92,16.61308911399856,62.75374501934748
Sweden,SWE,2020,4.3,48.32,16.61308911399856,62.75374501934748
Australia,AUS,2000,6.3,102.7,134.50277546065476,-25.73065474488304
Australia,AUS,2001,6.4,43.5,134.50277546065476,-25.73065474488304
Australia,AUS,2002,6.4,45.2,134.50277546065476,-25.73065474488304
Australia,AUS,2003,6.1,49.8,134.50277546065476,-25.73065474488304
Australia,AUS,2004,6.0,44.5,134.50277546065476,-25.73065474488304
Australia,AUS,2005,5.9,30.3,134.50277546065476,-25.73065474488304
Australia,AUS,2006,5.9,36.0,134.50277546065476,-25.73065474488304
Australia,AUS,2007,5.8,44.1,134.50277546065476,-25.73065474488304
Australia,AUS,2008,5.9,46.5,134.50277546065476,-25.73065474488304
Australia,AUS,2009,7.0,39.0,134.50277546065476,-25.73065474488304
Australia,AUS,2010,5.7,37.8,134.50277546065476,-25.73065474488304
Australia,AUS,2011,6.4,33.9,134.50277546065476,-25.73065474488304
Australia,AUS,2012,6.6,44.9,134.50277546065476,-25.73065474488304
Australia,AUS,2013,6.3,38.1,134.50277546065476,-25.73065474488304
Australia,AUS,2014,6.4,45.1,134.50277546065476,-25.73065474488304
Australia,AUS,2015,6.0,53.3,134.50277546065476,-25.73065474488304
Australia,AUS,2016,6.2,65.3,134.50277546065476,-25.73065474488304
Australia,AUS,2017,6.3,57.8,134.50277546065476,-25.73065474488304
Australia,AUS,2018,6.6,46.1,134.50277546065476,-25.73065474488304
Australia,AUS,2019,8.0,62.7,134.50277546065476,-25.73065474488304
Australia,AUS,2020,6.6,41.1,134.50277546065476,-25.73065474488304
Switzerland,CHE,2000,11.1,65.3,8.118300753356499,46.791737781866615
Switzerland,CHE,2001,11.2,51.0,8.118300753356499,46.791737781866615
Switzerland,CHE,2002,11.0,52.3,8.118300753356499,46.791737781866615
Switzerland,CHE,2003,11.6,48.6,8.118300753356499,46.791737781866615
Switzerland,CHE,2004,9.9,47.6,8.118300753356499,46.791737781866615
Switzerland,CHE,2005,10.1,49.9,8.118300753356499,46.791737781866615
Switzerland,CHE,2006,10.5,40.0,8.118300753356499,46.791737781866615
Switzerland,CHE,2007,9.6,43.2,8.118300753356499,46.791737781866615
Switzerland,CHE,2008,9.2,46.1,8.118300753356499,46.791737781866615
Switzerland,CHE,2009,10.0,53.5,8.118300753356499,46.791737781866615
Switzerland,CHE,2010,8.9,49.1,8.118300753356499,46.791737781866615
Switzerland,CHE,2011,9.9,47.6,8.118300753356499,46.791737781866615
Switzerland,CHE,2012,8.9,49.1,8.118300753356499,46.791737781866615
Switzerland,CHE,2013,8.7,48.5,8.118300753356499,46.791737781866615
Switzerland,CHE,2014,7.8,47.1,8.118300753356499,46.791737781866615
Switzerland,CHE,2015,8.6,55.7,8.118300753356499,46.791737781866615
Switzerland,CHE,2016,7.8,51.9,8.118300753356499,46.791737781866615
Switzerland,CHE,2017,7.2,52.0,8.118300753356499,46.791737781866615
Switzerland,CHE,2018,7.2,56.4,8.118300753356499,46.791737781866615
Switzerland,CHE,2019,6.7,50.3,8.118300753356499,46.791737781866615
Switzerland,CHE,2020,6.6,42.2,8.118300753356499,46.791737781866615
Latvia,LVA,2018,13.2,38.5,24.833295923942455,56.80717516493736
Latvia,LVA,2019,11.6,36.51,24.833295923942455,56.80717516493736
Lithuania,LTU,2001,15.7,68.12,23.88064036129675,55.28431942454508
Lithuania,LTU,2002,17.9,89.94,23.88064036129675,55.28431942454508
Lithuania,LTU,2003,15.7,98.14,23.88064036129675,55.28431942454508
Lithuania,LTU,2004,13.4,80.38,23.88064036129675,55.28431942454508
Lithuania,LTU,2005,13.7,98.78,23.88064036129675,55.28431942454508
Lithuania,LTU,2006,13.5,70.66,23.88064036129675,55.28431942454508
Lithuania,LTU,2007,12.2,97.56,23.88064036129675,55.28431942454508
Lithuania,LTU,2008,11.3,69.85,23.88064036129675,55.28431942454508
Lithuania,LTU,2009,11.9,58.56,23.88064036129675,55.28431942454508
Lithuania,LTU,2010,14.9,59.7,23.88064036129675,55.28431942454508
Lithuania,LTU,2011,11.7,55.0,23.88064036129675,55.28431942454508
Lithuania,LTU,2012,11.7,61.25,23.88064036129675,55.28431942454508
Lithuania,LTU,2013,11.6,84.65,23.88064036129675,55.28431942454508
Lithuania,LTU,2014,12.2,52.45,23.88064036129675,55.28431942454508
Lithuania,LTU,2015,10.4,61.2,23.88064036129675,55.28431942454508
Lithuania,LTU,2016,9.6,69.76,23.88064036129675,55.28431942454508
Lithuania,LTU,2017,9.0,61.47,23.88064036129675,55.28431942454508
Lithuania,LTU,2018,10.6,62.16,23.88064036129675,55.28431942454508
Lithuania,LTU,2019,9.7,50.79,23.88064036129675,55.28431942454508
Lithuania,LTU,2020,8.7,62.29,23.88064036129675,55.28431942454508
Israel,ISR,2000,18.2,47.6,35.0038499626741,31.484917756757323
Israel,ISR,2001,17.8,38.6,35.0038499626741,31.484917756757323
Israel,ISR,2002,18.1,41.7,35.0038499626741,31.484917756757323
Israel,ISR,2003,19.2,39.5,35.0038499626741,31.484917756757323
Israel,ISR,2004,18.0,39.7,35.0038499626741,31.484917756757323
Israel,ISR,2005,17.9,44.3,35.0038499626741,31.484917756757323
Israel,ISR,2006,18.3,43.2,35.0038499626741,31.484917756757323
Israel,ISR,2007,18.7,47.0,35.0038499626741,31.484917756757323
Israel,ISR,2008,17.5,45.2,35.0038499626741,31.484917756757323
Israel,ISR,2009,16.8,40.5,35.0038499626741,31.484917756757323
Israel,ISR,2010,15.8,39.2,35.0038499626741,31.484917756757323
Israel,ISR,2011,17.4,42.1,35.0038499626741,31.484917756757323
Israel,ISR,2012,15.7,43.8,35.0038499626741,31.484917756757323
Israel,ISR,2013,15.8,40.7,35.0038499626741,31.484917756757323
Israel,ISR,2014,15.0,43.1,35.0038499626741,31.484917756757323
Israel,ISR,2015,15.7,45.4,35.0038499626741,31.484917756757323
Israel,ISR,2016,13.4,42.7,35.0038499626741,31.484917756757323
Israel,ISR,2017,14.1,44.7,35.0038499626741,31.484917756757323
Israel,ISR,2018,14.6,34.336,35.0038499626741,31.484917756757323
Israel,ISR,2019,13.7,36.711,35.0038499626741,31.484917756757323
Israel,ISR,2020,13.4,33.969,35.0038499626741,31.484917756757323
Czechia,CZE,1995,22.0,42.84,15.33455826159284,49.775245261027486
Czechia,CZE,2000,19.0,47.7,15.33455826159284,49.775245261027486
Czechia,CZE,2001,19.5,46.15,15.33455826159284,49.775245261027486
Czechia,CZE,2002,21.2,45.18,15.33455826159284,49.775245261027486
Czechia,CZE,2003,21.9,37.72,15.33455826159284,49.775245261027486
Czechia,CZE,2004,19.1,37.61,15.33455826159284,49.775245261027486
Czechia,CZE,2005,20.3,46.64,15.33455826159284,49.775245261027486
Czechia,CZE,2006,21.0,52.23,15.33455826159284,49.775245261027486
Czechia,CZE,2007,16.9,51.68,15.33455826159284,49.775245261027486
Czechia,CZE,2008,16.6,51.26,15.33455826159284,49.775245261027486
Czechia,CZE,2009,17.3,60.75,15.33455826159284,49.775245261027486
Czechia,CZE,2010,19.5,57.2,15.33455826159284,49.775245261027486
Czechia,CZE,2011,19.2,58.23,15.33455826159284,49.775245261027486
Czechia,CZE,2012,17.7,58.32,15.33455826159284,49.775245261027486
Czechia,CZE,2013,17.4,66.44,15.33455826159284,49.775245261027486
Czechia,CZE,2014,17.2,64.77,15.33455826159284,49.775245261027486
Czechia,CZE,2015,16.3,84.24,15.33455826159284,49.775245261027486
Czechia,CZE,2016,15.6,79.49,15.33455826159284,49.775245261027486
Czechia,CZE,2017,15.4,86.24,15.33455826159284,49.775245261027486
Czechia,CZE,2018,15.8,86.79,15.33455826159284,49.775245261027486
Czechia,CZE,2019,13.1,79.73,15.33455826159284,49.775245261027486
Czechia,CZE,2020,13.0,87.37,15.33455826159284,49.775245261027486
Costa Rica,CRI,2000,19.8,33.46,-84.17542316107479,9.965671026982957
Costa Rica,CRI,2001,19.2,25.63,-84.17542316107479,9.965671026982957
Costa Rica,CRI,2002,19.6,0.0,-84.17542316107479,9.965671026982957
Costa Rica,CRI,2003,19.6,6.33,-84.17542316107479,9.965671026982957
Costa Rica,CRI,2004,18.1,25.08,-84.17542316107479,9.965671026982957
Costa Rica,CRI,2005,18.7,6.2,-84.17542316107479,9.965671026982957
Costa Rica,CRI,2006,19.8,11.93,-84.17542316107479,9.965671026982957
Costa Rica,CRI,2007,19.6,11.72,-84.17542316107479,9.965671026982957
Costa Rica,CRI,2008,17.7,16.65,-84.17542316107479,9.965671026982957
Costa Rica,CRI,2009,16.3,301.72,-84.17542316107479,9.965671026982957
Costa Rica,CRI,2010,15.6,157.26,-84.17542316107479,9.965671026982957
Costa Rica,CRI,2011,17.9,26.59,-84.17542316107479,9.965671026982957
Costa Rica,CRI,2012,16.6,31.25,-84.17542316107479,9.965671026982957
Costa Rica,CRI,2013,17.1,218.87,-84.17542316107479,9.965671026982957
Costa Rica,CRI,2014,16.3,43.77,-84.17542316107479,9.965671026982957
Costa Rica,CRI,2015,16.3,118.83,-84.17542316107479,9.965671026982957
Costa Rica,CRI,2016,15.8,331.84,-84.17542316107479,9.965671026982957
Costa Rica,CRI,2017,15.9,55.92,-84.17542316107479,9.965671026982957
Costa Rica,CRI,2018,13.9,46.29,-84.17542316107479,9.965671026982957
Costa Rica,CRI,2019,12.4,98.8,-84.17542316107479,9.965671026982957
Costa Rica,CRI,2020,13.1,19.08,-84.17542316107479,9.965671026982957
Norway,NOR,2000,10.0,101.55,15.46812583944915,69.156856034733
Norway,NOR,2001,8.9,84.84,15.46812583944915,69.156856034733
Norway,NOR,2002,8.9,100.84,15.46812583944915,69.156856034733
Norway,NOR,2003,9.6,89.32,15.46812583944915,69.156856034733
Norway,NOR,2004,8.2,68.64,15.46812583944915,69.156856034733
Norway,NOR,2005,8.0,75.59,15.46812583944915,69.156856034733
Norway,NOR,2006,9.4,97.09,15.46812583944915,69.156856034733
Norway,NOR,2007,8.0,90.86,15.46812583944915,69.156856034733
Norway,NOR,2008,7.9,79.46,15.46812583944915,69.156856034733
Norway,NOR,2009,8.1,74.8,15.46812583944915,69.156856034733
Norway,NOR,2010,7.3,75.15,15.46812583944915,69.156856034733
Norway,NOR,2011,8.1,78.15,15.46812583944915,69.156856034733
Norway,NOR,2012,7.0,80.91,15.46812583944915,69.156856034733
Norway,NOR,2013,6.7,74.63,15.46812583944915,69.156856034733
Norway,NOR,2014,6.8,66.75,15.46812583944915,69.156856034733
Norway,NOR,2015,6.5,68.32,15.46812583944915,69.156856034733
Norway,NOR,2016,6.0,79.19,15.46812583944915,69.156856034733
Norway,NOR,2017,6.1,90.79,15.46812583944915,69.156856034733
Norway,NOR,2018,6.2,75.92,15.46812583944915,69.156856034733
Norway,NOR,2019,6.2,76.67,15.46812583944915,69.156856034733
Norway,NOR,2020,5.7,61.87,15.46812583944915,69.156856034733
